<?xml version="1.0" encoding="UTF-8" standalone="no"?>
<ExtensionManifest xmlns:xsi="http://www.w3.org/2001/XMLSchema-instance" Version="6.0" ExtensionBundleId="com.swirt.tools" ExtensionBundleVersion="0.1" ExtensionBundleName="Swirt Tools">
    <ExtensionList>
        <Extension Id="typertools" Version="1.4.1" />
    </ExtensionList>
    <ExecutionEnvironment>
        <HostList>
            <Host Name="PHXS" Version="[16.0,99.9]" />
            <Host Name="PHSP" Version="[16.0,99.9]" />
        </HostList>
        <LocaleList>
            <Locale Code="All" />
        </LocaleList>
        <RequiredRuntimeList>
            <RequiredRuntime Name="CSXS" Version="6.0" />
        </RequiredRuntimeList>
    </ExecutionEnvironment>
    <DispatchInfoList>
        <Extension Id="typertools">
            <DispatchInfo >
                <Resources>
                    <MainPath>./app/index.html</MainPath>
                    <ScriptPath>./app/host.jsx</ScriptPath>
                    <CEFCommandLine>
                        <Parameter>--allow-file-access</Parameter>
                        <Parameter>--allow-file-access-from-files</Parameter>
                    </CEFCommandLine>
                </Resources>
                <Lifecycle>
                    <AutoVisible>true</AutoVisible>
                </Lifecycle>
                <UI>
                    <Type>Panel</Type>
                    <Menu>Typer Tools</Menu>
                    <Geometry>
                        <Size>
                            <Height>900</Height>
                            <Width>600</Width>
                        </Size>
                        <MinSize>
                            <Height>600</Height>
                            <Width>400</Width>
                        </MinSize>
                        <MaxSize>
                            <Height>9999</Height>
                            <Width>800</Width>
                        </MaxSize>
                    </Geometry>
                    <Icons>
                        <Icon Type="Normal">./icons/iconNormal.png</Icon>
                        <Icon Type="RollOver">./icons/iconRollover.png</Icon>
                        <Icon Type="Disabled">./icons/iconDisabled.png</Icon>
                        <Icon Type="DarkNormal">./icons/iconDarkNormal.png</Icon>
                        <Icon Type="DarkRollOver">./icons/iconDarkRollover.png</Icon>
                    </Icons>
                </UI>
            </DispatchInfo>
        </Extension>
    </DispatchInfoList>
</ExtensionManifest>